[
    {
        "id": 1,
        "p_url": "http://robohash.org/8c4b1b5a-bb8f-489b-8102-a1e9634627e0",
        "p_likes": 10,
        "p_caption": "Penelope Curtis",
        "p_author": "Alice",
        "published_at": "2021-03-25T02:59:35.481Z"
    },
    {
        "id": 2,
        "p_url": "http://robohash.org/4fb7de71-0353-4f52-b1e7-c0f0e727cb4b",
        "p_likes": 20,
        "p_caption": "Tran Barrett",
        "p_author": "Alice",
        "published_at": "2021-03-22T02:59:35.481Z"
    },
    {
        "id": 3,
        "p_url": "http://robohash.org/11d03afc-8796-43f8-b733-12cf2b905cf2",
        "p_likes": 33,
        "p_caption": "Maldonado Espinoza",
        "p_author": "Bob",
        "published_at": "2021-03-25T06:11:16.160Z"
    },
    {
        "id": 4,
        "p_url": "http://robohash.org/28d444c8-c5a8-4f8e-8957-e47fcdc4d776",
        "p_likes": 26,
        "p_caption": "Carole Sims",
        "p_author": "Bob", 
        "published_at": "2021-03-21T06:11:16.160Z"
    },
    {
        "id": 5,
        "p_url": "http://robohash.org/965a6496-07f1-4e54-9954-fe77c69935d9",
        "p_likes": 6,
        "p_caption": "Stacey Pennington",
        "p_author": "Cindy",
        "published_at": "2021-03-20T06:11:16.160Z"
    },
    {
        "id": 6,
        "p_url": "http://robohash.org/c649ca37-fc8a-4670-881d-18627caac234",
        "p_likes": 17,
        "p_caption": "Farrell Bradley",
        "p_author": "Cindy",
        "published_at": "2021-03-24T06:11:16.160Z"
    },
    {
        "id": 7,
        "p_url": "http://robohash.org/2c4c8865-3f4e-4e58-a84b-59b5acab67c5",
        "p_likes": 24,
        "p_caption": "Bridges Nolan", 
        "p_author": "David",
        "published_at": "2021-03-21T06:09:16.160Z"
    },
    {
        "id": 8,
        "p_url": "https://robohash.org/alice",
        "p_likes": 44,
        "p_caption": "Alice Green", 
        "p_author": "David",
        "published_at": "2021-02-21T06:09:16.160Z"
    },
    {
        "id": 9,
        "p_url": "https://robohash.org/bob",
        "p_likes": 25,
        "p_caption": "Bob Smith", 
        "p_author": "David",
        "published_at": "2021-03-25T06:09:16.160Z"
    },
    {
        "id": 10,
        "p_url": "https://robohash.org/cindy",
        "p_likes": 10,
        "p_caption": "Cindy Nolan", 
        "p_author": "Frank",
        "published_at": "2021-01-20T06:09:16.160Z"
    },
    {
        "id": 11,
        "p_url": "https://robohash.org/david",
        "p_likes": 26,
        "p_caption": "David Sims", 
        "p_author": "Frank",
        "published_at": "2021-01-28T06:09:16.160Z"
    },
    {
        "id": 12,
        "p_url": "https://robohash.org/frank",
        "p_likes": 38,
        "p_caption": "Frank Barrett", 
        "p_author": "Frank",
        "published_at": "2021-02-11T06:09:16.160Z"
    }
]
